<?xml version="1.0" encoding="UTF-8"?>
<project-private xmlns="http://www.netbeans.org/ns/project-private/1">
    <editor-bookmarks xmlns="http://www.netbeans.org/ns/editor-bookmarks/2" lastBookmarkId="0"/>
    <open-files xmlns="http://www.netbeans.org/ns/projectui-open-files/2">
        <group>
            <file>file:/C:/Users/ThibRipJaws/Desktop/AOSechecs/src/java/Game/Engine.java</file>
            <file>file:/C:/Users/ThibRipJaws/Desktop/AOSechecs/web/index.jsp</file>
            <file>file:/C:/Users/ThibRipJaws/Desktop/AOSechecs/src/java/Pieces/Pion.java</file>
            <file>file:/C:/Users/ThibRipJaws/Desktop/AOSechecs/web/style.css</file>
            <file>file:/C:/Users/ThibRipJaws/Desktop/AOSechecs/src/java/Pieces/Fou.java</file>
            <file>file:/C:/Users/ThibRipJaws/Desktop/AOSechecs/web/main.js</file>
            <file>file:/C:/Users/ThibRipJaws/Desktop/AOSechecs/src/java/Game/Data.java</file>
            <file>file:/C:/Users/ThibRipJaws/Desktop/AOSechecs/src/java/webservice/mainengine.java</file>
            <file>file:/C:/Users/ThibRipJaws/Desktop/AOSechecs/src/java/Pieces/Cheval.java</file>
            <file>file:/C:/Users/ThibRipJaws/Desktop/AOSechecs/src/java/Game/PlateauDeJeu.java</file>
        </group>
    </open-files>
</project-private>
